,Company,Revenue,Industry,ProfitMargins,NetIncome
0,MSFT,227583000576,Software - Infrastructure,0.36269,82541002752
1,AAPL,385706000384,Consumer Electronics,0.26163,100912996352
2,NVDA,60921999360,Semiconductors,0.48849,29760000000
